index,0,1,2,3
dataset,nusatranslation,nusatranslation,nusatranslation,nusatranslation
lang,sun,jav,mak,min
accuracy,0.7558333333333334,0.7391666666666666,0.58,0.68
macro_f1,0.7321246945832962,0.7095826139265806,0.5615751976826118,0.6487365798773628
weighted_f1,0.7649316064671011,0.7477406349542634,0.5985745974581801,0.6918766065270354
