index,0,1,2
dataset,americasnli,americasnli,americasnli
lang,aym,gn,quy
accuracy,0.39066666666666666,0.404,0.4146666666666667
macro_f1,0.3580328079426956,0.37795729909621195,0.3919690317547983
weighted_f1,0.35803280794269565,0.37795729909621195,0.3919690317547983
