index,0,1,2
dataset,americasnli-spa,americasnli-spa,americasnli-spa
lang,aym,gn,quy
accuracy,0.3893333333333333,0.404,0.37466666666666665
macro_f1,0.38608306800971404,0.39546566820715084,0.36827551326848235
weighted_f1,0.386083068009714,0.3954656682071508,0.36827551326848235
