index,0,1,2,3
dataset,nusatranslation,nusatranslation,nusatranslation,nusatranslation
lang,sun,jav,mak,min
accuracy,0.8133333333333334,0.8008333333333333,0.6758333333333333,0.7758333333333334
macro_f1,0.7574497574497575,0.7353244905134871,0.6093642126404318,0.7131378084901612
weighted_f1,0.8053776853776854,0.7895311376709478,0.6756990522814286,0.7683456325053608
