index,0,1,2,3
dataset,nusatranslation-ind,nusatranslation-ind,nusatranslation-ind,nusatranslation-ind
lang,sun,jav,mak,min
accuracy,0.7991666666666667,0.7791666666666667,0.7066666666666667,0.775
macro_f1,0.7168567179464084,0.679577283843138,0.5805512414650519,0.6704047917446573
weighted_f1,0.779702335670995,0.7531156322957886,0.6752336427562338,0.7468397516235616
