index,0,1,2,3
dataset,nusatranslation,nusatranslation,nusatranslation,nusatranslation
lang,sun,jav,mak,min
accuracy,0.7283333333333334,0.7008333333333333,0.5958333333333333,0.6575
macro_f1,0.6912255001010306,0.6574620866665448,0.5612285901038199,0.6099455964265575
weighted_f1,0.73529105206439,0.7076386577517757,0.61195483092097,0.6660121247446497
