index,0,1,2,3
dataset,nusatranslation-ind,nusatranslation-ind,nusatranslation-ind,nusatranslation-ind
lang,sun,jav,mak,min
accuracy,0.6975,0.6816666666666666,0.5833333333333334,0.6508333333333334
macro_f1,0.6577406324569681,0.6391278608406495,0.5374353565910837,0.606941531380184
weighted_f1,0.7057629492448844,0.6901331280203887,0.5974184267251349,0.6610127287987769
