index,0,1,2
dataset,americasnli-spa,americasnli-spa,americasnli-spa
lang,aym,gn,quy
accuracy,0.32266666666666666,0.328,0.33466666666666667
macro_f1,0.22598013041438117,0.25073918405240925,0.24750985363941566
weighted_f1,0.22598013041438117,0.25073918405240925,0.24750985363941566
