index,0,1,2
dataset,americasnli-spa,americasnli-spa,americasnli-spa
lang,aym,gn,quy
accuracy,0.37733333333333335,0.38133333333333336,0.384
macro_f1,0.36524065380244314,0.3663448541874031,0.37259806839574766
weighted_f1,0.36524065380244314,0.36634485418740315,0.3725980683957476
