index,0,1,2,3
dataset,nusatranslation-ind,nusatranslation-ind,nusatranslation-ind,nusatranslation-ind
lang,sun,jav,mak,min
accuracy,0.76,0.7525,0.7125,0.7433333333333333
macro_f1,0.65129653919887,0.6286536820487814,0.5936391771095181,0.6208748599821926
weighted_f1,0.7314450610432853,0.7169366273127094,0.6841125923759248,0.7095764521163034
