index,0,1,2,3
dataset,nusatranslation,nusatranslation,nusatranslation,nusatranslation
lang,sun,jav,mak,min
accuracy,0.7541666666666667,0.7275,0.5616666666666666,0.6575
macro_f1,0.819722360049164,0.7070572768719332,0.5526893912550492,0.6410352334253551
weighted_f1,0.7631655129978238,0.7389143911472172,0.5787762974511611,0.6726834617828438
