index,0,1,2,3
dataset,nusatranslation,nusatranslation,nusatranslation,nusatranslation
lang,sun,jav,mak,min
accuracy,0.7075,0.7066666666666667,0.5916666666666667,0.6766666666666666
macro_f1,0.7801201726963308,0.6620540457507136,0.5517732399476764,0.6274913913388548
weighted_f1,0.7158857838223758,0.7126013731187888,0.6068217114537692,0.6832083317332104
