index,0,1,2
dataset,americasnli-spa,americasnli-spa,americasnli-spa
lang,aym,gn,quy
accuracy,0.3333333333333333,0.3333333333333333,0.3333333333333333
macro_f1,0.16683350016683351,0.16683350016683351,0.16666666666666666
weighted_f1,0.16683350016683351,0.16683350016683351,0.16666666666666666
