index,0,1,2
dataset,americasnli-spa,americasnli-spa,americasnli-spa
lang,aym,gn,quy
accuracy,0.31866666666666665,0.33466666666666667,0.3333333333333333
macro_f1,0.20846560846560847,0.24938993932343678,0.24979369400407317
weighted_f1,0.20846560846560844,0.24938993932343675,0.2497936940040732
