index,0,1,2
dataset,americasnli,americasnli,americasnli
lang,aym,gn,quy
accuracy,0.37066666666666664,0.38266666666666665,0.4013333333333333
macro_f1,0.3452693026299847,0.34421479979157166,0.3724269948699838
weighted_f1,0.3452693026299846,0.34421479979157166,0.37242699486998376
