index,0,1,2,3
dataset,nusatranslation-ind,nusatranslation-ind,nusatranslation-ind,nusatranslation-ind
lang,sun,jav,mak,min
accuracy,0.7608333333333334,0.7541666666666667,0.7175,0.74
macro_f1,0.6510889287599373,0.6343092318324517,0.6047104367910806,0.6126853813559322
weighted_f1,0.7316442569311967,0.7204949273318726,0.6916340627274398,0.7041002383474576
