index,0,1,2,3
dataset,nusatranslation-ind,nusatranslation-ind,nusatranslation-ind,nusatranslation-ind
lang,sun,jav,mak,min
accuracy,0.755,0.7475,0.7116666666666667,0.73
macro_f1,0.6796443398385146,0.6644490402744209,0.6085028061070545,0.6383874760041072
weighted_f1,0.7436060170202565,0.7331712749552184,0.691234863114276,0.7133155999345228
