index,0,1,2,3
dataset,nusatranslation-ind,nusatranslation-ind,nusatranslation-ind,nusatranslation-ind
lang,sun,jav,mak,min
accuracy,0.7191666666666666,0.7375,0.6958333333333333,0.7416666666666667
macro_f1,0.6632466718128971,0.66475066052102,0.6196698421629845,0.6784721549971651
weighted_f1,0.719738445755151,0.7290407744791884,0.6897345807815176,0.737152772975988
