index,0,1,2,3
dataset,nusatranslation,nusatranslation,nusatranslation,nusatranslation
lang,sun,jav,mak,min
accuracy,0.7033333333333334,0.6766666666666666,0.58,0.6608333333333334
macro_f1,0.6542839015421269,0.6285232843137255,0.5414346544382574,0.6254138739522288
weighted_f1,0.707891023898003,0.6835761335784314,0.5961797139425701,0.672831795183301
