index,0,1,2
dataset,americasnli-spa,americasnli-spa,americasnli-spa
lang,aym,gn,quy
accuracy,0.3333333333333333,0.33466666666666667,0.33466666666666667
macro_f1,0.16666666666666666,0.16948954266351346,0.16948954266351346
weighted_f1,0.16666666666666666,0.16948954266351346,0.16948954266351346
