index,0,1,2,3
dataset,americasnli,americasnli,americasnli,americasnli
lang,aym,gn,oto,quy
accuracy,0.30933333333333335,0.31333333333333335,0.33288770053475936,0.352
macro_f1,0.30066601824370803,0.3041985059062858,0.30530145014026444,0.33493726027837695
weighted_f1,0.30066601824370803,0.30419850590628583,0.30542974208267687,0.334937260278377
