index,0,1,2,3
dataset,americasnli-spa,americasnli-spa,americasnli-spa,americasnli-spa
lang,aym,gn,oto,quy
accuracy,0.3586666666666667,0.3293333333333333,0.3342245989304813,0.33466666666666667
macro_f1,0.2826953606786893,0.26600073761036425,0.16933333333333334,0.16964617064817467
weighted_f1,0.2826953606786893,0.26600073761036425,0.16977540106951872,0.1696461706481747
