index,0,1,2,3
dataset,americasnli,americasnli,americasnli,americasnli
lang,aym,gn,oto,quy
accuracy,0.35333333333333333,0.3293333333333333,0.339572192513369,0.32666666666666666
macro_f1,0.28302630982295557,0.2569580860246851,0.18256756933799737,0.23935344322955954
weighted_f1,0.2830263098229556,0.25695808602468506,0.18299329464771943,0.23935344322955954
