index,0,1,2,3
dataset,americasnli,americasnli,americasnli,americasnli
lang,aym,gn,oto,quy
accuracy,0.3333333333333333,0.33466666666666667,0.33288770053475936,0.332
macro_f1,0.1715600794308334,0.17423645960081968,0.1689663673742057,0.17364677713013074
weighted_f1,0.17156007943083337,0.1742364596008197,0.16940758073838819,0.17364677713013077
