index,0,1,2,3
dataset,americasnli,americasnli,americasnli,americasnli
lang,aym,gn,oto,quy
accuracy,0.3373333333333333,0.32666666666666666,0.32620320855614976,0.32
macro_f1,0.26394428342559006,0.16448472641826115,0.261281582101305,0.25890028948974414
weighted_f1,0.26394428342559006,0.16448472641826115,0.2614092227091331,0.2589002894897442
