index,0,1,2,3
dataset,americasnli,americasnli,americasnli,americasnli
lang,aym,gn,oto,quy
accuracy,0.332,0.33466666666666667,0.3315508021390374,0.33066666666666666
macro_f1,0.16895599317690924,0.17423645960081968,0.16599732262382863,0.1710426104634641
weighted_f1,0.1689559931769092,0.1742364596008197,0.16644116573244852,0.17104261046346406
