index,0,1,2,3
dataset,americasnli,americasnli,americasnli,americasnli
lang,aym,gn,oto,quy
accuracy,0.336,0.3293333333333333,0.3315508021390374,0.33066666666666666
macro_f1,0.18412354805510148,0.17482334355748064,0.18316062176165804,0.20555966855408872
weighted_f1,0.1841235480551015,0.17482334355748064,0.1835835111246571,0.20555966855408872
