index,0,1,2,3
dataset,americasnli,americasnli,americasnli,americasnli
lang,aym,gn,oto,quy
accuracy,0.324,0.33466666666666667,0.3195187165775401,0.332
macro_f1,0.2511557230179051,0.16980321729351425,0.19710772644844976,0.26655204598217436
weighted_f1,0.2511557230179052,0.16980321729351427,0.19699084101115882,0.26655204598217436
