index,0,1,2,3
dataset,americasnli,americasnli,americasnli,americasnli
lang,aym,gn,oto,quy
accuracy,0.3333333333333333,0.33466666666666667,0.32887700534759357,0.3373333333333333
macro_f1,0.1963206482034934,0.16964617064817467,0.16995719123378697,0.24575821184499333
weighted_f1,0.19632064820349343,0.1696461706481747,0.1703909751469201,0.24575821184499333
