index,0,1,2,3
dataset,americasnli,americasnli,americasnli,americasnli
lang,aym,gn,oto,quy
accuracy,0.36933333333333335,0.36,0.3516042780748663,0.32266666666666666
macro_f1,0.3458748233780124,0.3318944403586136,0.28739536790925574,0.32142006998824946
weighted_f1,0.3458748233780124,0.3318944403586136,0.2871905416199578,0.32142006998824946
