index,0,1,2,3
dataset,americasnli,americasnli,americasnli,americasnli
lang,aym,gn,oto,quy
accuracy,0.3333333333333333,0.33066666666666666,0.339572192513369,0.332
macro_f1,0.16666666666666666,0.19037698412698412,0.265306646478867,0.16862199453983914
weighted_f1,0.16666666666666666,0.1903769841269841,0.265559140757132,0.16862199453983914
