index,0,1,2,3
dataset,americasnli,americasnli,americasnli,americasnli
lang,aym,gn,oto,quy
accuracy,0.37866666666666665,0.3506666666666667,0.3235294117647059,0.372
macro_f1,0.3713541717316485,0.3445651994704924,0.31272786081946385,0.3599373983071397
weighted_f1,0.3713541717316485,0.3445651994704924,0.3125955247194583,0.3599373983071398
