index,0,1,2,3
dataset,americasnli,americasnli,americasnli,americasnli
lang,aym,gn,oto,quy
accuracy,0.33466666666666667,0.3333333333333333,0.33288770053475936,0.3333333333333333
macro_f1,0.22195792791837157,0.20143049151800083,0.1689663673742057,0.17170715844243034
weighted_f1,0.2219579279183716,0.2014304915180008,0.16940758073838819,0.1717071584424303
