index,0,1,2,3
dataset,americasnli,americasnli,americasnli,americasnli
lang,aym,gn,oto,quy
accuracy,0.3466666666666667,0.332,0.356951871657754,0.348
macro_f1,0.33054301212787546,0.3062228584642561,0.33958575018685533,0.333367398557272
weighted_f1,0.33054301212787546,0.30622285846425606,0.33954449227512795,0.333367398557272
