index,0,1,2,3
dataset,americasnli,americasnli,americasnli,americasnli
lang,aym,gn,oto,quy
accuracy,0.328,0.36,0.32620320855614976,0.3453333333333333
macro_f1,0.3058816387481313,0.3476700593421298,0.3120606486359911,0.2832933653077538
weighted_f1,0.30588163874813123,0.3476700593421298,0.3119776798543922,0.2832933653077538
