index,0,1,2,3
dataset,americasnli,americasnli,americasnli,americasnli
lang,aym,gn,oto,quy
accuracy,0.33866666666666667,0.304,0.3315508021390374,0.3
macro_f1,0.24903213317847464,0.24153478457463987,0.16846250499212542,0.2393655479374753
weighted_f1,0.2490321331784746,0.24153478457463984,0.16890237113068735,0.23936554793747533
