index,0,1,2,3
dataset,americasnli,americasnli,americasnli,americasnli
lang,aym,gn,oto,quy
accuracy,0.37866666666666665,0.344,0.3355614973262032,0.36666666666666664
macro_f1,0.37759858331674395,0.34000195114465326,0.3241640685078627,0.3468534251120364
weighted_f1,0.377598583316744,0.34000195114465326,0.324251216920995,0.3468534251120364
