index,0,1,2,3
dataset,americasnli,americasnli,americasnli,americasnli
lang,aym,gn,oto,quy
accuracy,0.3546666666666667,0.3413333333333333,0.3342245989304813,0.332
macro_f1,0.27194730377086435,0.19555146751731645,0.18926970995223322,0.22838280629001595
weighted_f1,0.27194730377086435,0.19555146751731645,0.18968028595286943,0.22838280629001595
