index,0,1,2,3
dataset,americasnli,americasnli,americasnli,americasnli
lang,aym,gn,oto,quy
accuracy,0.328,0.3453333333333333,0.33689839572192515,0.368
macro_f1,0.32270953432060084,0.34211789787841446,0.30562304062392553,0.32266918038717685
weighted_f1,0.3227095343206009,0.34211789787841446,0.3058037201817308,0.32266918038717685
