index,0,1,2,3
dataset,americasnli,americasnli,americasnli,americasnli
lang,aym,gn,oto,quy
accuracy,0.33066666666666666,0.336,0.3502673796791444,0.3506666666666667
macro_f1,0.26303750697450085,0.17724282743711284,0.2746609798775153,0.2681637167347144
weighted_f1,0.26303750697450085,0.1772428274371128,0.2749113559167404,0.2681637167347144
