index,0,1,2,3
dataset,americasnli,americasnli,americasnli,americasnli
lang,aym,gn,oto,quy
accuracy,0.356,0.332,0.3302139037433155,0.32666666666666666
macro_f1,0.2688503043718871,0.1952625702625703,0.17825130169957756,0.20627666147501986
weighted_f1,0.2688503043718871,0.19526257026257027,0.1786766478957148,0.20627666147501986
