index,0,1,2,3
dataset,americasnli,americasnli,americasnli,americasnli
lang,aym,gn,oto,quy
accuracy,0.3586666666666667,0.32133333333333336,0.33689839572192515,0.36933333333333335
macro_f1,0.2847887526449768,0.22243859263183877,0.17777957416332035,0.2977860124211671
weighted_f1,0.28478875264497683,0.22243859263183874,0.17821305640574636,0.2977860124211671
