index,0,1,2,3
dataset,americasnli,americasnli,americasnli,americasnli
lang,aym,gn,oto,quy
accuracy,0.34933333333333333,0.36533333333333334,0.32754010695187163,0.36933333333333335
macro_f1,0.3192935799057732,0.3291005979624448,0.2862382198755989,0.34650951788291634
weighted_f1,0.3192935799057732,0.3291005979624448,0.28624547715740506,0.34650951788291634
