index,0,1,2,3
dataset,americasnli,americasnli,americasnli,americasnli
lang,aym,gn,oto,quy
accuracy,0.35333333333333333,0.392,0.3502673796791444,0.376
macro_f1,0.3478948000386957,0.36958534397823994,0.33288968573815186,0.36391419052495505
weighted_f1,0.3478948000386958,0.3695853439782399,0.3329541809115924,0.363914190524955
