index,0,1,2,3
dataset,americasnli,americasnli,americasnli,americasnli
lang,aym,gn,oto,quy
accuracy,0.33466666666666667,0.34933333333333333,0.3074866310160428,0.368
macro_f1,0.3318187697744388,0.34846332843161915,0.2787220860960515,0.3463254990726095
weighted_f1,0.3318187697744388,0.3484633284316192,0.27889031646832735,0.34632549907260957
