index,0,1,2,3
dataset,americasnli,americasnli,americasnli,americasnli
lang,aym,gn,oto,quy
accuracy,0.3426666666666667,0.3626666666666667,0.3315508021390374,0.33466666666666667
macro_f1,0.3308148404215223,0.30495971391470184,0.2957500775286335,0.3010559610884689
weighted_f1,0.3308148404215223,0.3049597139147019,0.2959370305927069,0.3010559610884688
