index,0,1,2,3
dataset,americasnli,americasnli,americasnli,americasnli
lang,aym,gn,oto,quy
accuracy,0.31866666666666665,0.348,0.3355614973262032,0.328
macro_f1,0.25099008827293035,0.2813305934687133,0.17046622948566473,0.24205564849292457
weighted_f1,0.25099008827293035,0.28133059346871325,0.1709114947840916,0.24205564849292455
