index,0,1,2,3
dataset,americasnli,americasnli,americasnli,americasnli
lang,aym,gn,oto,quy
accuracy,0.33066666666666666,0.30533333333333335,0.3382352941176471,0.30666666666666664
macro_f1,0.3296254081035897,0.3033543138720231,0.3321505550133667,0.28016140636385156
weighted_f1,0.3296254081035897,0.30335431387202305,0.3322247522469896,0.28016140636385156
