index,0,1,2,3
dataset,americasnli,americasnli,americasnli,americasnli
lang,aym,gn,oto,quy
accuracy,0.3253333333333333,0.3333333333333333,0.3355614973262032,0.3373333333333333
macro_f1,0.20664345741189416,0.1737465616404101,0.18367403825930065,0.21960913482652614
weighted_f1,0.20664345741189413,0.17374656164041008,0.18409556695830223,0.21960913482652614
