index,0,1,2,3
dataset,americasnli,americasnli,americasnli,americasnli
lang,aym,gn,oto,quy
accuracy,0.3466666666666667,0.332,0.3181818181818182,0.3253333333333333
macro_f1,0.2736091521705062,0.1686323687371356,0.2505717893927278,0.24256906487245164
weighted_f1,0.27360915217050613,0.16863236873713564,0.2508019006842629,0.2425690648724516
