index,0,1,2,3
dataset,americasnli,americasnli,americasnli,americasnli
lang,aym,gn,oto,quy
accuracy,0.34933333333333333,0.3466666666666667,0.3342245989304813,0.31333333333333335
macro_f1,0.26519040098271474,0.24904389922061732,0.16700066800267202,0.23946609710334474
weighted_f1,0.26519040098271474,0.24904389922061732,0.16744719385294657,0.2394660971033447
