index,0,1,2,3
dataset,americasnli,americasnli,americasnli,americasnli
lang,aym,gn,oto,quy
accuracy,0.31066666666666665,0.336,0.3422459893048128,0.3453333333333333
macro_f1,0.23415886993212257,0.17243826340682125,0.27240265906932576,0.26638677978007336
weighted_f1,0.23415886993212257,0.17243826340682128,0.2726168167344638,0.26638677978007336
